phase_key,query_formula,aliases,material_id,formula_pretty,reduced_composition,number_of_sites,energy_above_hull_eV_per_atom,formation_energy_per_atom_eV,is_stable,theoretical,symmetry_symbol,symmetry_number,crystal_system,volume_A3,density_g_cm3,is_selected,selection_rank,selection_reason,raw_cif_path,raw_extxyz_path,selected_cif_path,selected_extxyz_path,retrieval_time_utc
Al3Ni,Al3Ni,"[""Al3Ni""]",mp-622209,Al3Ni,Al3Ni,16,0.0,-0.4187757031250001,true,false,Pnma,62,Orthorhombic,228.55073726894787,4.058169026503891,true,1,Selected as the current working structure by deterministic ranking (lowest available energy above hull; stable status on a hull-energy tie; lowest available formation energy per atom on a further tie; lexicographical material_id as the final tie-breaker). It ranked 1 of 1 candidates. This reproducible project choice is not a claim of absolute experimental ground truth.,data/raw/materials_project/ni_al/Al3Ni/mp-622209/structure.cif,data/raw/materials_project/ni_al/Al3Ni/mp-622209/structure.extxyz,data/processed/ni_al_structures/selected/Al3Ni.cif,data/processed/ni_al_structures/selected/Al3Ni.extxyz,2026-07-20T14:16:25Z
Al3Ni2,Al3Ni2,"[""Al3Ni2""]",mp-1057,Al3Ni2,Al3Ni2,5,0.0,-0.6442166279999995,true,false,P-3m1,164,Trigonal,67.43506090961826,4.883766101605819,true,1,Selected as the current working structure by deterministic ranking (lowest available energy above hull; stable status on a hull-energy tie; lowest available formation energy per atom on a further tie; lexicographical material_id as the final tie-breaker). It ranked 1 of 1 candidates. This reproducible project choice is not a claim of absolute experimental ground truth.,data/raw/materials_project/ni_al/Al3Ni2/mp-1057/structure.cif,data/raw/materials_project/ni_al/Al3Ni2/mp-1057/structure.extxyz,data/processed/ni_al_structures/selected/Al3Ni2.cif,data/processed/ni_al_structures/selected/Al3Ni2.extxyz,2026-07-20T14:16:25Z
AlNi,AlNi,"[""AlNi"",""NiAl""]",mp-1487,AlNi,AlNi,2,0.0,-0.68490115,true,false,Pm-3m,221,Cubic,23.386572118200654,6.083259318791009,true,1,Selected as the current working structure by deterministic ranking (lowest available energy above hull; stable status on a hull-energy tie; lowest available formation energy per atom on a further tie; lexicographical material_id as the final tie-breaker). It ranked 1 of 3 candidates. This reproducible project choice is not a claim of absolute experimental ground truth.,data/raw/materials_project/ni_al/AlNi/mp-1487/structure.cif,data/raw/materials_project/ni_al/AlNi/mp-1487/structure.extxyz,data/processed/ni_al_structures/selected/AlNi.cif,data/processed/ni_al_structures/selected/AlNi.extxyz,2026-07-20T14:16:25Z
AlNi,AlNi,"[""AlNi"",""NiAl""]",mp-1228868,AlNi,AlNi,2,0.02678004500000064,-0.6581211049999993,false,true,P4/mmm,123,Tetragonal,23.472839297968516,6.060902175772776,false,2,Retained as alternative candidate at rank 2 of 3 under the deterministic rule (lowest available energy above hull; stable status on a hull-energy tie; lowest available formation energy per atom on a further tie; lexicographical material_id as the final tie-breaker). mp-1487 is the current working structure; this alternative was not discarded.,data/raw/materials_project/ni_al/AlNi/mp-1228868/structure.cif,data/raw/materials_project/ni_al/AlNi/mp-1228868/structure.extxyz,,,2026-07-20T14:16:25Z
AlNi,AlNi,"[""AlNi"",""NiAl""]",mp-1228854,AlNi,AlNi,2,0.24665903,-0.43824211999999996,false,true,C2/m,12,Monoclinic,24.904996714431185,5.712371071712924,false,3,Retained as alternative candidate at rank 3 of 3 under the deterministic rule (lowest available energy above hull; stable status on a hull-energy tie; lowest available formation energy per atom on a further tie; lexicographical material_id as the final tie-breaker). mp-1487 is the current working structure; this alternative was not discarded.,data/raw/materials_project/ni_al/AlNi/mp-1228854/structure.cif,data/raw/materials_project/ni_al/AlNi/mp-1228854/structure.extxyz,,,2026-07-20T14:16:25Z
Al3Ni5,Al3Ni5,"[""Al3Ni5"",""Ni5Al3""]",mp-16514,Al3Ni5,Al3Ni5,8,0.0,-0.5632505449999989,true,false,Cmmm,65,Orthorhombic,90.37206581100934,6.8796160662471495,true,1,Selected as the current working structure by deterministic ranking (lowest available energy above hull; stable status on a hull-energy tie; lowest available formation energy per atom on a further tie; lexicographical material_id as the final tie-breaker). It ranked 1 of 1 candidates. This reproducible project choice is not a claim of absolute experimental ground truth.,data/raw/materials_project/ni_al/Al3Ni5/mp-16514/structure.cif,data/raw/materials_project/ni_al/Al3Ni5/mp-16514/structure.extxyz,data/processed/ni_al_structures/selected/Al3Ni5.cif,data/processed/ni_al_structures/selected/Al3Ni5.extxyz,2026-07-20T14:16:25Z
AlNi3,AlNi3,"[""AlNi3"",""Ni3Al""]",mp-2593,AlNi3,AlNi3,4,0.0,-0.4264197774999996,true,false,Pm-3m,221,Cubic,43.72785438535495,7.711147850443136,true,1,Selected as the current working structure by deterministic ranking (lowest available energy above hull; stable status on a hull-energy tie; lowest available formation energy per atom on a further tie; lexicographical material_id as the final tie-breaker). It ranked 1 of 3 candidates. This reproducible project choice is not a claim of absolute experimental ground truth.,data/raw/materials_project/ni_al/AlNi3/mp-2593/structure.cif,data/raw/materials_project/ni_al/AlNi3/mp-2593/structure.extxyz,data/processed/ni_al_structures/selected/AlNi3.cif,data/processed/ni_al_structures/selected/AlNi3.extxyz,2026-07-20T14:16:25Z
AlNi3,AlNi3,"[""AlNi3"",""Ni3Al""]",mp-1183232,AlNi3,AlNi3,8,0.02122097874999973,-0.40519879874999987,false,true,P6_3/mmc,194,Hexagonal,87.79262614116702,7.681555164004986,false,2,Retained as alternative candidate at rank 2 of 3 under the deterministic rule (lowest available energy above hull; stable status on a hull-energy tie; lowest available formation energy per atom on a further tie; lexicographical material_id as the final tie-breaker). mp-2593 is the current working structure; this alternative was not discarded.,data/raw/materials_project/ni_al/AlNi3/mp-1183232/structure.cif,data/raw/materials_project/ni_al/AlNi3/mp-1183232/structure.extxyz,,,2026-07-20T14:16:25Z
AlNi3,AlNi3,"[""AlNi3"",""Ni3Al""]",mp-672232,AlNi3,AlNi3,4,0.07205002999999977,-0.35436974749999983,false,true,Fm-3m,225,Cubic,43.99290677491564,7.664689038924433,false,3,Retained as alternative candidate at rank 3 of 3 under the deterministic rule (lowest available energy above hull; stable status on a hull-energy tie; lowest available formation energy per atom on a further tie; lexicographical material_id as the final tie-breaker). mp-2593 is the current working structure; this alternative was not discarded.,data/raw/materials_project/ni_al/AlNi3/mp-672232/structure.cif,data/raw/materials_project/ni_al/AlNi3/mp-672232/structure.extxyz,,,2026-07-20T14:16:25Z
